"population_size","iteration_number","run_number","optimization_horizon","optimization_frequency","elec_heating","cost_heating","building_comfort","reward","process_time"
30,30,10,12,12,15323.0444330303,707.355658469251,25312,-3851.35565846925,22778.7609415054
30,30,10,18,12,15336.5373827815,706.050108872199,25183,-3880.0501088722,23452.2742762566
30,30,10,18,18,16331.4125645304,761.600133026587,25600,-4078.60013302659,23828.5873668194
30,30,10,24,12,15365.4132578296,708.622754646095,25329,-3846.62275464609,23097.3477854729
30,30,10,24,18,16172.2574005572,754.37639036296,25515,-4141.37639036296,24209.4113748074
30,30,10,24,24,16389.8675066051,759.652707037793,26227,-3849.65270703779,83625.6798453331
30,30,4,12,12,16163.4478632798,746.649436914392,25397,-3925.64943691439,9843.11387062073
30,30,4,18,12,16160.7198366241,747.703569624067,25269,-3903.70356962407,10021.3852279186
30,30,4,18,18,16897.7620179498,787.708963981272,25477,-4197.70896398127,10746.9256482124
30,30,4,24,12,16246.32200007,750.180212896578,25209,-3912.18021289658,9924.64645791054
30,30,4,24,18,16905.0730982431,787.06169956949,25680,-4152.06169956949,11161.8856844902
30,30,4,24,24,16986.2423526939,787.407261702072,26087,-3933.40726170207,12017.1043610573
30,30,6,12,12,15736.7774433644,725.408067082398,25417,-3924.4080670824,15543.9509558678
30,30,6,18,12,15656.7913835733,720.468192621191,25135,-3899.46819262119,15340.4052548409
30,30,6,18,18,16410.397627993,765.192261068804,25648,-4090.1922610688,17520.9863395691
30,30,6,24,12,15657.2379223662,722.668418463351,25417,-3867.66841846335,15710.4045164585
30,30,6,24,18,16382.8121529732,762.586355558002,25534,-4139.586355558,17182.7729635239
30,30,6,24,24,16595.6924759449,767.892157725636,26264,-3889.89215772564,17952.6745069027
30,30,8,12,12,15409.0237811671,709.662225295207,25258,-3901.66222529521,20227.3707084656
30,30,8,18,12,15463.2871466242,713.239900686766,25077,-3905.23990068677,19626.8694601059
30,30,8,18,18,16297.9750807872,759.161187746718,25643,-4115.16118774672,21308.4395828247
30,30,8,24,12,15449.7193890693,710.852828757205,25248,-3908.8528287572,20317.81574893
30,30,8,24,18,16232.3813749201,756.651515423211,25413,-4146.65151542321,21116.3229336739
30,30,8,24,24,16457.2981580704,759.531345326233,26175,-3860.53134532623,22497.1794390678
30,32,10,12,12,15391.9058688309,710.612809133673,25130,-3891.61280913367,24540.0559225082
30,32,10,18,12,15228.9479840157,701.98117147411,25316,-3895.98117147411,25361.3649277687
30,32,10,18,18,16115.032958041,752.0914302627,25545,-4101.0914302627,26252.2113311291
30,32,10,24,12,15261.173838993,702.894423679897,25279,-3896.8944236799,25728.2849545479
30,32,10,24,18,16148.488168843,754.385463842189,25495,-4081.38546384219,26560.3843545914
30,32,10,24,24,16256.8713924564,754.486827978607,26178,-3848.48682797861,27655.20601964
30,32,4,12,12,16200.2376481807,748.589366897911,25349,-3913.58936689791,33776.5005595684
30,32,4,18,12,16098.6362852037,742.587718137776,25191,-3998.58771813778,33613.7706079483
30,32,4,18,18,17028.8081300309,793.735969317814,25491,-4188.73596931781,36821.4148085117
30,32,4,24,12,16240.7090180905,748.933564983318,25292,-3951.93356498332,33024.1024885178
30,32,4,24,18,16974.7306305306,792.036095592897,25654,-4114.0360955929,36013.7911427021
30,32,4,24,24,17051.8391037744,789.777745679484,26261,-3911.77774567948,39900.5399596691
30,32,6,12,12,15700.0746051365,723.569181224389,25345,-3928.56918122439,53035.2414958477
30,32,6,18,12,15636.3580643491,723.346291827429,25252,-3869.34629182743,16555.5647413731
30,32,6,18,18,16326.4863874721,760.237468545325,25759,-4073.23746854533,17790.1419696808
30,32,6,24,12,15706.5871510742,724.720282576034,25339,-3863.72028257603,16486.0841534138
30,32,6,24,18,16470.264540759,769.284187995931,25559,-4164.28418799593,18838.6366932392
30,32,6,24,24,16629.8750238463,769.009723846837,26357,-3897.00972384684,18987.7102546692
30,32,8,12,12,15444.3554265886,711.882584881701,25151,-3915.8825848817,21458.4830749035
30,32,8,18,12,15404.9989683898,710.918177621364,25126,-3905.91817762136,21946.090993166
30,32,8,18,18,16198.9844976872,756.389423248246,25580,-4091.38942324825,23308.5129432678
30,32,8,24,12,15344.0690354833,706.669424036926,25109,-3908.66942403693,21521.4921491146
30,32,8,24,18,16178.8734297166,757.09478452566,25585,-4114.09478452566,23108.43110919
30,32,8,24,24,16295.8345205631,756.296312138207,26150,-3852.29631213821,24457.0279755592
30,34,10,12,12,15210.5461919028,701.078163075551,25270,-3843.07816307555,26194.8450586796
30,34,10,18,12,15404.7473226552,710.263679352493,25126,-3861.26367935249,25968.6421670914
30,34,10,18,18,16162.0311915479,755.32483456664,25548,-4117.32483456664,26965.1341018677
30,34,10,24,12,15306.83966404,706.477629079751,25188,-3855.47762907975,25382.5342464447
30,34,10,24,18,16219.6700440992,755.885921203253,25435,-4146.88592120325,26292.3505425453
30,34,10,24,24,16261.8868473797,751.659143600599,26242,-3837.6591436006,27556.8645119667
30,34,4,12,12,16133.4671437935,744.471142277469,25350,-3912.47114227747,10553.3587038517
30,34,4,18,12,16119.6507609944,745.298395140695,25382,-3931.2983951407,10192.71022439
30,34,4,18,18,17027.0017328364,795.688396711557,25579,-4170.68839671156,12161.899492979
30,34,4,24,12,16154.028310868,748.345993228827,25130,-3963.34599322883,10442.2486112118
30,34,4,24,18,16936.8412192072,789.877843873294,25435,-4195.87784387329,11715.1505625248
30,34,4,24,24,17055.2594321781,789.588528176584,26438,-3903.58852817658,12595.05656147
30,34,6,12,12,15614.9773059007,719.96391596923,25308,-3925.96391596923,17198.7876536846
30,34,6,18,12,15693.5496563574,724.006758779165,25268,-3846.00675877917,16793.9549548626
30,34,6,18,18,16427.053926149,764.209105072383,25498,-4077.20910507238,18890.5785133839
30,34,6,24,12,15650.9517861035,721.912121918037,25262,-3894.91212191804,17596.2788825035
30,34,6,24,18,16371.8730816085,762.889136001452,25613,-4107.88913600145,19178.5148513317
30,34,6,24,24,16534.4738318242,766.587468164526,26195,-3899.58746816453,20613.6285543442
30,34,8,12,12,15368.4048230892,709.597789968955,25240,-3904.59778996896,22415.1911432743
30,34,8,18,12,15482.5880814358,714.831535866378,25227,-3851.83153586638,22721.8100001812
30,34,8,18,18,16290.0056530248,761.164630091733,25447,-4140.16463009173,24072.753619194
30,34,8,24,12,15367.7678954554,708.744955497475,25246,-3905.74495549748,21962.6255347729
30,34,8,24,18,16270.6551149789,759.43248539193,25410,-4121.43248539193,23140.0311045647
30,34,8,24,24,16343.6218279611,756.785599262833,26357,-3886.78559926283,24583.2810182571
30,36,10,12,12,15349.6504857408,707.352049737449,25273,-3834.35204973745,29199.210313797
30,36,10,18,12,15293.6320905512,703.926149779858,25216,-3867.92614977986,29176.5647017956
30,36,10,18,18,16134.0377332112,751.385708200576,25359,-4135.38570820058,30418.4345934391
30,36,10,24,12,15263.19329709,706.011370027245,25175,-3858.01137002724,29023.6685795784
30,36,10,24,18,16168.4052833864,756.201546517628,25525,-4104.20154651763,26888.618452549
30,36,10,24,24,16226.2087043067,750.491303031363,26112,-3852.49130303136,28253.9168524742
30,36,4,12,12,16091.1470789,742.637153559967,25548,-3935.63715355997,10894.7768018246
30,36,4,18,12,16086.8158900421,741.256166817638,25235,-3962.25616681764,10760.0756626129
30,36,4,18,18,16940.2805098165,790.297201188311,25611,-4125.29720118831,11370.0030639172
30,36,4,24,12,16127.3070574469,743.834012603534,25256,-3933.83401260353,10441.8808643818
30,36,4,24,18,17041.8801636578,793.754570037511,25677,-4134.75457003751,11555.3493406773
30,36,4,24,24,17166.2036174477,794.640448378583,26049,-4011.64044837858,12256.5918133259
30,36,6,12,12,15594.5607887513,720.84871324237,25181,-3917.84871324237,17350.8379955292
30,36,6,18,12,15693.6677750174,723.468878771477,25295,-3906.46887877148,17094.2184817791
30,36,6,18,18,16472.7956646397,767.593730491752,25499,-4111.59373049175,18669.2365775108
30,36,6,24,12,15718.0988506759,725.589032002146,25321,-3887.58903200215,16959.1887001991
30,36,6,24,18,16421.0830342159,767.248047333447,25526,-4134.24804733345,18655.0353410244
30,36,6,24,24,16532.0415031657,764.474026564058,26216,-3860.47402656406,20128.9950137138
30,36,8,12,12,15421.382701584,710.793054671834,25303,-3814.79305467183,21905.544926405
30,36,8,18,12,15385.2123140148,709.451436034566,25073,-3893.45143603457,22529.7366657257
30,36,8,18,18,16204.7596964078,756.73247673491,25611,-4129.73247673491,24533.0418345928
30,36,8,24,12,15320.8216474897,706.852009830204,25155,-3903.8520098302,22304.6938736439
30,36,8,24,18,16274.1743629647,757.49831316337,25401,-4114.49831316337,26209.3121321201
30,36,8,24,24,16235.6086519089,750.103770556418,26047,-3860.10377055642,27726.2863321304
30,38,10,12,12,15187.9323331554,700.975936760876,25272,-3823.97593676088,41174.960072279
30,38,10,18,12,15211.4404680881,700.24210689956,25111,-3878.24210689956,40216.1596434116
30,38,10,18,18,16116.0843341619,751.559296691584,25419,-4150.55929669158,42562.1827902794
30,38,10,24,12,15306.6159542125,704.311159768652,25024,-3873.31115976865,26301.6356172562
30,38,10,24,18,16160.4686938084,752.706225936764,25602,-4049.70622593676,27392.1374053955
30,38,10,24,24,16151.9909669963,749.1178915637,26091,-3856.1178915637,28056.0823726654
30,38,4,12,12,16136.7582876544,743.163291199367,25454,-3905.16329119937,10268.345749855
30,38,4,18,12,16225.9519496216,751.768661543826,25259,-3898.76866154383,10158.5846605301
30,38,4,18,18,17017.8421416093,792.153559490807,25491,-4186.15355949081,11025.3832979202
30,38,4,24,12,16213.5293907688,749.808247770182,25402,-3891.80824777018,10149.7542972565
30,38,4,24,18,17090.9617343436,797.283698077554,25444,-4169.28369807755,11207.4797244072
30,38,4,24,24,17098.0124753944,792.766376860566,26354,-3929.76637686057,12351.4090366364
30,38,6,12,12,15724.4511680612,724.627232133087,25365,-3929.62723213309,16443.6739382744
30,38,6,18,12,15579.2411318215,718.690046446736,25293,-3854.69004644674,17107.9713144302
30,38,6,18,18,16467.1455938864,768.76322193447,25484,-4134.76322193447,18920.7475767136
30,38,6,24,12,15670.6189796092,724.645133637483,25170,-3924.64513363748,16426.9596810341
30,38,6,24,18,16486.8999047969,769.116403578873,25773,-4091.11640357887,18326.4384043217
30,38,6,24,24,16487.0939410743,764.659098186123,26270,-3859.65909818612,19789.0054628849
30,38,8,12,12,15422.8876393573,709.483562250337,25265,-3848.48356225034,22905.1971075535
30,38,8,18,12,15470.0491804139,714.367802731704,25137,-3887.3678027317,22867.5797801018
30,38,8,18,18,16277.8109733756,758.999683744189,25423,-4117.99968374419,22356.5302581787
30,38,8,24,12,15472.102072939,712.430927372526,25387,-3873.43092737253,21532.5141818523
30,38,8,24,18,16112.8743240074,752.370684462777,25335,-4150.37068446278,22514.3672094345
30,38,8,24,24,16323.5792218703,755.447542080973,26193,-3836.44754208097,24406.3136534691
30,40,10,12,12,15354.3176081602,708.994904935431,25194,-3868.99490493543,28758.5539984703
30,40,10,18,12,15241.7024821661,702.253889578325,25325,-3865.25388957832,28604.8085801601
30,40,10,18,18,16072.4492252461,748.751988589858,25418,-4104.75198858986,29037.8709254265
30,40,10,24,12,15260.8098300551,701.186806137085,25286,-3889.18680613709,26890.1827919483
30,40,10,24,18,15992.9277282866,746.024611381786,25426,-4130.02461138179,27691.0728604794
30,40,10,24,24,16265.2676748091,752.451532821117,26180,-3844.45153282112,30569.3239591122
30,40,4,12,12,16176.6521883593,748.603242718427,25321,-3902.60324271843,10245.3565104008
30,40,4,18,12,16334.5854061772,753.790442108409,25313,-3934.79044210841,9588.70511031151
30,40,4,18,18,16881.5686119867,789.380959936599,25629,-4138.3809599366,10765.704874754
30,40,4,24,12,16154.2755416888,746.52093081897,25394,-3928.52093081897,9884.01768279076
30,40,4,24,18,16988.5415522639,792.445228492392,25668,-4164.44522849239,10725.89417243
30,40,4,24,24,17110.7074161522,794.985895681041,26204,-3944.98589568104,11666.0901522636
30,40,6,12,12,15683.4711748176,725.709021559654,25296,-3887.70902155965,17548.9815068245
30,40,6,18,12,15681.9966915038,721.280573783193,25398,-3868.28057378319,16952.2203304768
30,40,6,18,18,16490.4477524064,768.798494312616,25537,-4159.79849431262,18548.1489810944
30,40,6,24,12,15703.2109176476,723.527247004278,25318,-3880.52724700428,16641.2395255566
30,40,6,24,18,16414.7281368919,766.558631462477,25652,-4127.55863146248,19139.8431718349
30,40,6,24,24,16606.1011156012,769.247719113204,26235,-3892.2477191132,19327.078441143
30,40,8,12,12,15360.1894680548,708.619582699697,25185,-3900.6195826997,24148.470230341
30,40,8,18,12,15332.4822196594,706.744130962243,25184,-3825.74413096224,24953.2020368576
30,40,8,18,18,16053.9861505084,747.298034611271,25492,-4079.29803461127,25504.6151168346
30,40,8,24,12,15376.0165924502,707.771767536748,25182,-3923.77176753675,23683.2459559441
30,40,8,24,18,16202.190454621,756.894454462243,25423,-4147.89445446224,23206.2857120037
30,40,8,24,24,16440.1359925872,760.117201467035,26099,-3884.11720146704,28105.8299891949
32,30,10,12,12,15371.6308987909,707.695837985228,25457,-3823.69583798523,26973.3573453426
32,30,10,18,12,15289.0377810496,704.624888132558,25248,-3894.62488813256,26806.3832948208
32,30,10,18,18,16122.7930912239,752.44058525149,25457,-4125.44058525149,27621.2385573387
32,30,10,24,12,15314.1356957339,704.443611085164,25114,-3900.44361108516,26189.3860762119
32,30,10,24,18,16102.0124505679,751.982040261356,25643,-4060.98204026136,27086.2180435658
32,30,10,24,24,16361.7920183735,757.308312588145,26238,-3828.30831258814,28760.1657705307
32,30,4,12,12,16046.7292855364,743.081842898192,25240,-3964.08184289819,10844.6287858486
32,30,4,18,12,16109.2564281866,743.087958691115,25357,-3934.08795869112,11151.7787730694
32,30,4,18,18,16980.4953952689,791.061896753278,25538,-4159.06189675328,12707.39356637
32,30,4,24,12,15974.132820073,739.449511810752,25356,-3916.44951181075,11633.5167667866
32,30,4,24,18,16874.8145629443,786.491918160579,25823,-4095.49191816058,12536.9468374252
32,30,4,24,24,16979.6342200414,787.383158768012,26206,-3929.38315876801,12447.7159588337
32,30,6,12,12,15639.3782415347,722.695013133392,25359,-3903.69501313339,17175.3213577271
32,30,6,18,12,15675.2832287527,724.847823228456,25353,-3881.84782322846,17347.2324454784
32,30,6,18,18,16477.243693895,769.250245092382,25486,-4137.25024509238,19634.2489433289
32,30,6,24,12,15618.860827049,721.35511988717,25407,-3876.35511988717,16823.0997765064
32,30,6,24,18,16566.3068464099,773.49593699307,25626,-4091.49593699307,18763.5395143032
32,30,6,24,24,16639.78869563,772.108310884902,26138,-3868.1083108849,20168.5951082706
32,30,8,12,12,15411.8355129471,709.973887800564,25060,-3878.97388780056,23386.6043190956
32,30,8,18,12,15502.4972768962,713.316607037656,25402,-3859.31660703766,22455.6275622845
32,30,8,18,18,16283.195724274,759.549270615124,25604,-4089.54927061512,24510.6667871475
32,30,8,24,12,15338.0983491168,706.331384415113,25256,-3887.33138441511,23479.2962527275
32,30,8,24,18,16251.7442984807,758.032492735552,25424,-4183.03249273555,24657.4611103535
32,30,8,24,24,16438.4087464866,760.509784135128,26138,-3865.50978413513,24364.4923448563
32,32,10,12,12,15303.8188652275,702.373054606406,25258,-3899.37305460641,26919.7650651932
32,32,10,18,12,15295.0337671192,702.688555337125,25255,-3903.68855533713,25799.1936454773
32,32,10,18,18,16063.7015190064,749.846383094755,25621,-4141.84638309475,27688.7827849388
32,32,10,24,12,15306.451260087,706.031967813878,25338,-3862.03196781388,26600.2825431824
32,32,10,24,18,16099.4446852018,750.322404182719,25534,-4170.32240418272,27811.7231779099
32,32,10,24,24,16302.8139406221,754.874452848857,26029,-3860.87445284886,28621.3473405838
32,32,4,12,12,16135.2542983208,745.875666364952,25246,-3898.87566636495,11251.3500132561
32,32,4,18,12,16066.5301023026,739.264245969754,25317,-3959.26424596975,11264.6582767963
32,32,4,18,18,16743.3745917262,782.484289335103,25435,-4138.4842893351,12035.5877201557
32,32,4,24,12,16186.0036842731,748.715914742179,25273,-3938.71591474218,10436.3592486382
32,32,4,24,18,16957.1545400639,791.781527008669,25786,-4143.78152700867,11488.1867980957
32,32,4,24,24,16887.5900287244,783.005671216597,26181,-3955.0056712166,12322.6464598179
32,32,6,12,12,15595.1167020648,719.698457954024,25246,-3853.69845795402,17153.8868584633
32,32,6,18,12,15616.811982033,720.170220467046,25390,-3859.17022046705,16982.9621379375
32,32,6,18,18,16330.9382304304,762.494707344354,25637,-4134.49470734435,18082.2458348274
32,32,6,24,12,15582.7527795461,719.275356942093,25350,-3878.27535694209,17459.3299741745
32,32,6,24,18,16451.8255762642,766.209214389927,25587,-4133.20921438993,20211.4054179192
32,32,6,24,24,16540.7562956275,766.866677747868,26281,-3900.86667774787,19610.9385988712
32,32,8,12,12,15409.7895277667,711.079504053306,25316,-3808.07950405331,23190.4783432484
32,32,8,18,12,15345.3582610004,706.711088720258,25306,-3901.71108872026,23154.9252676964
32,32,8,18,18,16225.3019248739,756.362944933694,25672,-4070.36294493369,24680.1855845451
32,32,8,24,12,15347.9134845412,707.088185101289,25228,-3897.08818510129,23515.7872624397
32,32,8,24,18,16238.2805899298,755.847654068998,25683,-4153.847654069,24274.7935686111
32,32,8,24,24,16427.9068104409,760.877016066215,26042,-3851.87701606621,25282.8548753262
32,34,10,12,12,15267.2281877099,701.357639914562,25061,-3889.35763991456,27893.5074837208
32,34,10,18,12,15214.830802393,700.856867703745,25287,-3846.85686770375,27963.3606591225
32,34,10,18,18,16084.579673378,749.851624361326,25612,-4107.85162436133,29622.1683728695
32,34,10,24,12,15272.8919931979,703.40884267978,25290,-3817.40884267978,27720.6111624241
32,34,10,24,18,16105.8824129689,750.44297612787,25397,-4112.44297612787,28755.3289191723
32,34,10,24,24,16266.7132278763,753.377324081381,26255,-3868.37732408138,30103.1774270535
32,34,4,12,12,16151.0476751203,745.87827461932,25270,-3933.87827461932,11200.797082901
32,34,4,18,12,16042.8752813745,741.717235054718,25417,-3907.71723505472,11405.9555954933
32,34,4,18,18,16897.435492042,789.42331361962,25600,-4156.42331361962,12446.2481296062
32,34,4,24,12,16114.343304092,742.808763234166,25177,-3930.80876323417,11322.7932012081
32,34,4,24,18,16944.3974181274,790.552729235582,25573,-4159.55272923558,12870.8086166382
32,34,4,24,24,16933.7479270365,785.09959666613,26405,-3890.09959666613,13877.220164299
32,34,6,12,12,15560.1091922765,717.74703286337,25210,-3848.74703286337,18343.5300705433
32,34,6,18,12,15562.2542593996,716.736921973839,25266,-3856.73692197384,18247.7352941036
32,34,6,18,18,16477.0284572529,767.934651180278,25487,-4133.93465118028,19548.0286867619
32,34,6,24,12,15617.6210097583,722.015880367103,25195,-3865.0158803671,18120.164611578
32,34,6,24,18,16500.5847974163,770.033202208188,25510,-4105.03320220819,19686.7731890678
32,34,6,24,24,16533.8729998783,766.38690143773,26219,-3859.38690143773,20713.0521466732
32,34,8,12,12,15352.6541064614,708.499480211116,25168,-3899.49948021112,23112.5943338871
32,34,8,18,12,15410.3543101967,710.01902211682,25311,-3813.01902211682,23854.7683587074
32,34,8,18,18,16251.4485263804,757.477897885662,25560,-4149.47789788566,24718.1292245388
32,34,8,24,12,15427.7030662557,713.397882191833,25112,-3870.39788219183,22959.3940508366
32,34,8,24,18,16199.8992579268,755.027315156486,25592,-4105.02731515649,25494.1865849495
32,34,8,24,24,16245.1843818587,752.640485463148,26124,-3825.64048546315,26651.7030677795
32,36,10,12,12,15181.8293736657,697.653552989294,25140,-3882.65355298929,28178.5250813961
32,36,10,18,12,15178.4643018933,698.965135559792,25226,-3828.96513555979,28117.4636595249
32,36,10,18,18,16065.7982108955,749.752646501654,25358,-4096.75264650165,29447.5650458336
32,36,10,24,12,15245.2137685296,701.937772853156,25319,-3899.93777285316,28117.7106263638
32,36,10,24,18,16087.7167361928,748.938829929119,25360,-4164.93882992912,30226.0236136913
32,36,10,24,24,16272.1021316355,751.810441553597,26272,-3842.8104415536,30724.770829916
32,36,4,12,12,16155.7137406456,747.279491844794,25351,-3906.27949184479,11146.6765780449
32,36,4,18,12,16188.6308998013,747.29574933684,25317,-3944.29574933684,11202.5549001694
32,36,4,18,18,16916.6158944178,789.072914328665,25635,-4133.07291432866,12000.5219101906
32,36,4,24,12,16059.4255477426,740.643637864762,25234,-3990.64363786476,11283.2496142387
32,36,4,24,18,16842.9041756164,784.956391408058,25526,-4131.95639140806,11822.6057260036
32,36,4,24,24,17012.1702028431,788.86449881874,26168,-3941.86449881874,12813.9862558842
32,36,6,12,12,15602.3203362639,721.107925664347,25063,-3909.10792566435,16773.4303324223
32,36,6,18,12,15722.4410433532,725.313559460458,25191,-3913.31355946046,17960.6119091511
32,36,6,18,18,16425.3925742216,766.424430832415,25638,-4111.42443083242,19670.9144632816
32,36,6,24,12,15606.1962328566,722.556722350398,25216,-3862.5567223504,17212.2641038895
32,36,6,24,18,16324.9031365341,761.415686878018,25664,-4155.41568687802,20548.1967196465
32,36,6,24,24,16551.9562184361,766.350407194154,26171,-3851.35040719415,21883.8189437389
32,36,8,12,12,15306.220073614,704.44164712139,25339,-3895.44164712139,22809.2676177025
32,36,8,18,12,15430.6434383009,711.36054700071,25211,-3889.36054700071,22517.8155107498
32,36,8,18,18,16260.8557217465,759.073682624855,25446,-4134.07368262485,23902.2971742153
32,36,8,24,12,15376.0810730314,708.66408620875,25325,-3878.66408620875,22129.6126613617
32,36,8,24,18,16186.4265040016,755.035163511568,25627,-4117.03516351157,23437.7499701977
32,36,8,24,24,16272.9472376149,752.092735336444,26296,-3842.09273533644,24531.6881027222
32,38,10,12,12,15237.5097983498,702.970643025232,25058,-3856.97064302523,29492.6322124004
32,38,10,18,12,15253.0494833518,702.443970498239,25146,-3831.44397049824,29276.584387064
32,38,10,18,18,16065.3242049005,748.243775410259,25520,-4107.24377541026,32091.9295339584
32,38,10,24,12,15240.7295761553,703.768293056801,25126,-3841.7682930568,29514.4065914154
32,38,10,24,18,16203.6257155397,757.123582632882,25361,-4116.12358263288,30728.2358899117
32,38,10,24,24,16122.6907961858,746.788302433987,26176,-3834.78830243399,32005.7061958313
32,38,4,12,12,16135.3481274934,743.233513910329,25063,-3962.23351391033,11369.0966136456
32,38,4,18,12,16144.4541609996,745.150905226715,25212,-3937.15090522672,11089.8318703175
32,38,4,18,18,16786.5779103482,782.242073192104,25527,-4056.2420731921,12635.1513183117
32,38,4,24,12,16110.3822683138,745.78427154427,25477,-3942.78427154427,11225.8697826862
32,38,4,24,18,16811.7164683022,785.161906816674,25611,-4174.16190681667,12400.0760829449
32,38,4,24,24,17017.2255130391,788.982125469767,26275,-3895.98212546977,13392.9899458885
32,38,6,12,12,15609.9169276787,718.963676714771,25295,-3868.96367671477,17975.5121264458
32,38,6,18,12,15575.8745339542,719.958172049258,25370,-3853.95817204926,18437.9134550095
32,38,6,18,18,16281.9549224537,759.070541421292,25759,-4060.07054142129,19570.3924252987
32,38,6,24,12,15581.5927074692,721.442278866943,25557,-3843.44227886694,18672.5553324223
32,38,6,24,18,16484.2137301722,769.517614344067,25596,-4120.51761434407,19589.9762575626
32,38,6,24,24,16552.2907638972,764.811555400074,26284,-3856.81155540007,20889.2716007233
32,38,8,12,12,15363.3235320001,709.836570188534,25327,-3851.83657018853,24247.8608365059
32,38,8,18,12,15343.609458134,706.847437968072,25267,-3920.84743796807,24114.8189272881
32,38,8,18,18,16237.9624166614,757.783378913877,25417,-4119.78337891388,26455.4622135162
32,38,8,24,12,15365.958886109,707.65656325821,25239,-3890.65656325821,24485.8680241108
32,38,8,24,18,16301.9478819501,761.85326096075,25588,-4142.85326096075,25780.5338973999
32,38,8,24,24,16219.4060164891,751.67718927973,26228,-3854.67718927973,27288.0175681114
32,40,10,12,12,15158.0461767668,696.725181416691,25107,-3878.72518141669,28750.1674962044
32,40,10,18,12,15294.3588638829,702.880177792642,25135,-3889.88017779264,29050.0974769592
32,40,10,18,18,16075.2170663306,747.32209753475,25470,-4067.32209753475,31268.3467636108
32,40,10,24,12,15218.1442398049,702.076504159081,25142,-3814.07650415908,27370.2303819656
32,40,10,24,18,16007.4525161447,747.393173338744,25459,-4076.39317333874,31824.9974241257
32,40,10,24,24,16227.8454390844,753.750526825032,26124,-3844.75052682503,31441.6973340511
32,40,4,12,12,16202.3529554792,749.227574818991,25238,-3977.22757481899,10619.6760773659
32,40,4,18,12,16164.4876774361,746.516704930929,25346,-3953.51670493093,10971.9692902565
32,40,4,18,18,16905.5272571367,789.937085601978,25406,-4100.93708560198,12185.1983191967
32,40,4,24,12,16144.3735243165,744.283703553052,25284,-3959.28370355305,9874.89440274239
32,40,4,24,18,16927.0439244781,787.579303781762,25688,-4149.57930378176,12543.3251459599
32,40,4,24,24,17159.3729492027,796.695482829555,26142,-3915.69548282956,12346.8997292519
32,40,6,12,12,15592.4432596692,718.700526581058,25346,-3899.70052658106,17411.8876588345
32,40,6,18,12,15614.7744426376,722.189538020393,25375,-3842.18953802039,16793.0360066891
32,40,6,18,18,16403.289234933,765.985724858893,25367,-4063.98572485889,18607.8508410454
32,40,6,24,12,15579.5333449724,720.092671014815,25389,-3840.09267101482,17047.9498641491
32,40,6,24,18,16378.8465028893,763.41328726015,25688,-4132.41328726015,17831.4519283772
32,40,6,24,24,16621.0242479364,769.437666172203,26116,-3903.4376661722,21654.3351564407
32,40,8,12,12,15339.451140678,708.111768817806,25128,-3871.11176881781,22747.1922478676
32,40,8,18,12,15402.2064139785,709.182176284085,25338,-3859.18217628409,22651.9605247974
32,40,8,18,18,16152.1669952318,752.958367915541,25496,-4075.95836791554,24922.8048245907
32,40,8,24,12,15394.6223648601,710.887578753574,25158,-3900.88757875357,23951.3603274822
32,40,8,24,18,16171.3371031403,755.14651746829,25681,-4107.14651746829,24503.5319561958
32,40,8,24,24,16406.9970669777,758.614774339383,26203,-3843.61477433938,26787.6289253235
34,30,10,12,12,15322.4278084458,705.852281119995,25075,-3891.85228112,27170.6180055141
34,30,10,18,12,15280.2460180072,702.404688241793,25368,-3835.40468824179,27036.3291316032
34,30,10,18,18,16124.7830053147,753.990930540578,25678,-4077.99093054058,29141.0535507202
34,30,10,24,12,15346.160780649,707.03669828002,25082,-3898.03669828002,28302.1723835468
34,30,10,24,18,16036.0242113303,748.256711786152,25705,-4057.25671178615,26633.7003741264
34,30,10,24,24,16224.7752107671,750.457932250543,26177,-3815.45793225054,29798.8081543446
34,30,4,12,12,16096.6594541359,743.112880160854,25180,-3956.11288016085,12671.2831749916
34,30,4,18,12,16090.0727318417,744.401964948048,25244,-3931.40196494805,11190.556530714
34,30,4,18,18,16804.0040774095,783.945390465444,25632,-4143.94539046544,12393.0498182774
34,30,4,24,12,16086.6029050924,744.870500803642,25093,-3954.87050080364,11527.5126094818
34,30,4,24,18,16903.5995783779,788.678435354005,25541,-4118.67843535401,13081.8698186874
34,30,4,24,24,16902.4033488548,781.924118622527,26330,-3898.92411862253,13210.5174360275
34,30,6,12,12,15638.0352013714,721.759455227899,25367,-3853.7594552279,18907.3587627411
34,30,6,18,12,15508.8256369715,715.307142973974,25176,-3900.30714297397,18936.9691607952
34,30,6,18,18,16427.5401920172,766.473572474775,25596,-4133.47357247478,18891.1487901211
34,30,6,24,12,15671.9180970865,722.31162948209,25243,-3866.31162948209,17790.6574850082
34,30,6,24,18,16363.5004204073,763.282213866145,25623,-4130.28221386614,18940.3295345306
34,30,6,24,24,16457.9659609488,764.056489188688,26209,-3850.05648918869,22355.8794505596
34,30,8,12,12,15388.6712194319,712.156050188698,25162,-3865.1560501887,24462.9808666706
34,30,8,18,12,15269.7033314257,702.482161064798,25141,-3889.4821610648,22568.4561779499
34,30,8,18,18,16187.6770104874,754.289491379928,25620,-4090.28949137993,24704.0840098858
34,30,8,24,12,15229.3194854781,704.187053498563,25260,-3823.18705349856,23882.7514021397
34,30,8,24,18,16206.0664238721,754.8054982239,25709,-4108.8054982239,23256.5654430389
34,30,8,24,24,16305.4554755554,754.760999653078,26043,-3852.76099965308,27868.4586279392
34,32,10,12,12,15225.0580159723,701.104701479604,25159,-3900.1047014796,27726.1145431995
34,32,10,18,12,15134.8312072466,696.128432902609,25054,-3870.12843290261,27772.7761726379
34,32,10,18,18,16104.0093024839,751.666861424728,25565,-4124.66686142473,29128.3189706802
34,32,10,24,12,15258.879277324,701.680210893139,25135,-3890.68021089314,27643.1906504631
34,32,10,24,18,16044.8009621778,749.192893649691,25468,-4140.19289364969,29500.4870500565
34,32,10,24,24,16219.6583392257,752.502333490424,26331,-3821.50233349042,31430.7579286098
34,32,4,12,12,16154.5564684614,748.361438075938,25252,-3905.36143807594,12142.6298604012
34,32,4,18,12,16166.1843587559,746.033727916393,25442,-3883.03372791639,11778.3980157375
34,32,4,18,18,16914.9222410678,788.180290207001,25506,-4181.180290207,12561.5003216267
34,32,4,24,12,16089.5576916852,743.746052069578,25319,-3906.74605206958,10976.7602713108
34,32,4,24,18,16913.9930358382,789.907751578767,25480,-4121.90775157877,12129.5871040821
34,32,4,24,24,17055.3777333654,789.438824796526,26254,-3920.43882479653,13687.5163500309
34,32,6,12,12,15563.8293977871,716.954408751662,25195,-3887.95440875166,18670.98584342
34,32,6,18,12,15531.6932628748,716.278229864117,25120,-3862.27822986412,18154.0295228958
34,32,6,18,18,16375.8950155103,763.377421555781,25586,-4145.37742155578,19792.9715874195
34,32,6,24,12,15584.1167993269,718.139929506219,25114,-3951.13992950622,20616.334138155
34,32,6,24,18,16358.9506296753,761.982584911886,25641,-4091.98258491189,20176.6399929523
34,32,6,24,24,16412.0408008352,761.986565463282,26209,-3873.98656546328,22333.3267958164
34,32,8,12,12,15354.454781573,709.288250964067,25217,-3846.28825096407,24325.1051206589
34,32,8,18,12,15304.0241080146,705.605182955074,25233,-3878.60518295507,24541.2705543041
34,32,8,18,18,16093.4471948649,752.09281805197,25561,-4097.09281805197,26238.7616183758
34,32,8,24,12,15339.7140853699,707.586708426292,25269,-3839.58670842629,24592.6209020615
34,32,8,24,18,16120.0528664569,753.732412709116,25615,-4132.73241270912,26828.3831446171
34,32,8,24,24,16296.3664876274,753.330685363253,26285,-3884.33068536325,26937.4804222584
34,34,10,12,12,15260.7894993932,704.230336368593,25067,-3876.23033636859,29147.0085248947
34,34,10,18,12,15214.855954658,699.522938753521,25069,-3883.52293875352,29978.6309535503
34,34,10,18,18,16045.2981416814,748.557579844122,25501,-4106.55757984412,30598.9333524704
34,34,10,24,12,15212.8615611855,701.002761654586,25408,-3828.00276165459,30766.975890398
34,34,10,24,18,16006.338792914,747.952892512251,25556,-4054.95289251225,30835.0496919155
34,34,10,24,24,16168.1039429211,749.198019830797,26144,-3839.1980198308,31273.0911076069
34,34,4,12,12,16020.5899729108,741.181464067605,25452,-3935.1814640676,11820.4808161259
34,34,4,18,12,15979.1950324822,738.018378382327,25249,-3936.01837838233,12001.7998197079
34,34,4,18,18,16933.7260239354,789.554816894797,25730,-4158.5548168948,13384.106723547
34,34,4,24,12,16093.7075220962,742.143421235953,25252,-3894.14342123595,11955.1951713562
34,34,4,24,18,16852.2069341541,785.799050505969,25405,-4151.79905050597,13110.379853487
34,34,4,24,24,16889.8020079851,783.62257638532,26024,-3966.62257638532,14654.31650424
34,34,6,12,12,15529.4725026171,715.668825399529,25100,-3896.66882539953,19130.4858157635
34,34,6,18,12,15551.6663280758,719.295273628369,25262,-3868.29527362837,19953.5272943974
34,34,6,18,18,16284.3502253372,759.839366937234,25546,-4097.83936693723,19985.698694706
34,34,6,24,12,15491.726464922,714.062533037144,25216,-3921.06253303714,19127.4099488258
34,34,6,24,18,16313.7930863137,761.09352577504,25568,-4066.09352577504,20705.1488149166
34,34,6,24,24,16435.1051352317,761.145360185782,26250,-3829.14536018578,22133.6842200756
34,34,8,12,12,15314.5626969351,704.66978977332,25279,-3877.66978977332,25132.5232260227
34,34,8,18,12,15356.5155203163,709.010366216202,25093,-3874.0103662162,24356.2151441574
34,34,8,18,18,16281.0558916409,759.634217375304,25568,-4100.6342173753,26978.2201571465
34,34,8,24,12,15389.3120263192,709.661925191063,25198,-3861.66192519106,25298.6927313805
34,34,8,24,18,16165.8767268718,754.96484066803,25626,-4038.96484066803,27398.5987935066
34,34,8,24,24,16230.4285167163,751.239490679856,26309,-3818.23949067986,26811.3992862701
34,36,10,12,12,15232.3966080461,702.597050279399,25219,-3837.5970502794,28327.4292843342
34,36,10,18,12,15196.1248596752,700.612444664756,25291,-3822.61244466476,27883.3703627586
34,36,10,18,18,16112.7712363519,751.675607357691,25483,-4102.67560735769,28992.7806143761
34,36,10,24,12,15258.3434077156,702.545426517643,25147,-3883.54542651764,27250.8079109192
34,36,10,24,18,15983.9269074334,746.511017267854,25432,-4092.51101726785,29231.4515118599
34,36,10,24,24,16231.0575598448,751.763163681851,26199,-3824.76316368185,30155.8966197968
34,36,4,12,12,15983.5774941149,738.989005711482,25374,-3908.98900571148,12295.819922924
34,36,4,18,12,15984.4657710513,738.121666256785,25192,-3938.12166625679,11904.2479901314
34,36,4,18,18,16912.9286932476,791.057490596623,25623,-4114.05749059662,12186.7438011169
34,36,4,24,12,16118.8877738962,744.157276189451,25395,-3951.15727618945,12026.8971521854
34,36,4,24,18,16935.9646171797,788.434763873913,25410,-4158.43476387391,12717.4368560314
34,36,4,24,24,17029.9968212573,787.219170915293,26236,-3927.21917091529,13711.3486020565
34,36,6,12,12,15547.280136672,717.451646602482,25394,-3861.45164660248,19600.7789757252
34,36,6,18,12,15558.6349147457,717.110521348783,25167,-3935.11052134878,17590.6318027973
34,36,6,18,18,16389.0960230517,764.713365767161,25633,-4114.71336576716,19860.1881604195
34,36,6,24,12,15648.5676996051,724.416061192286,25268,-3859.41606119229,18939.222294569
34,36,6,24,18,16323.0615459609,760.611080823028,25691,-4129.61108082303,21278.6041183472
34,36,6,24,24,16307.2033263145,755.426313787441,26164,-3835.42631378744,23658.0667171478
34,36,8,12,12,15256.3095780295,702.650839720612,25232,-3887.65083972061,24747.4501612186
34,36,8,18,12,15333.2789843583,706.215820756478,25121,-3891.21582075648,24939.6064386368
34,36,8,18,18,15996.6173111305,744.583963280193,25423,-4122.58396328019,27607.3788204193
34,36,8,24,12,15296.792931435,704.448724582939,25105,-3900.44872458294,25895.3385243416
34,36,8,24,18,16091.1777233534,750.75599492841,25452,-4095.75599492841,26513.7825725079
34,36,8,24,24,16300.3714139002,753.374607490551,25985,-3854.37460749055,29289.4852907658
34,38,10,12,12,15098.2525931778,694.740958739738,25130,-3885.74095873974,29099.0505998135
34,38,10,18,12,15126.2411177201,697.495275558254,25164,-3862.49527555825,29572.9483721256
34,38,10,18,18,16154.6972646075,755.247146455911,25460,-4158.24714645591,30871.5379333496
34,38,10,24,12,15198.9110740578,698.628417513086,25135,-3895.62841751309,29029.1489434242
34,38,10,24,18,16002.5271037877,746.513356933175,25546,-4114.51335693318,30581.8959300518
34,38,10,24,24,16084.1903845888,742.57174152624,26162,-3846.57174152624,31949.0898406506
34,38,4,12,12,16054.1509399255,742.252324806831,25471,-3915.25232480683,11793.7732036114
34,38,4,18,12,16101.2622519545,742.656167792594,25485,-3871.65616779259,11533.2549943924
34,38,4,18,18,16872.3301374982,786.935908764086,25531,-4176.93590876409,13546.1232383251
34,38,4,24,12,16043.3036596185,739.817852777323,25395,-3881.81785277732,12370.0708363056
34,38,4,24,18,16894.7583116626,790.42657777721,25543,-4182.42657777721,12801.9781332016
34,38,4,24,24,17022.4256329279,789.928526815019,26236,-3907.92852681502,13605.2942018509
34,38,6,12,12,15608.0745638549,722.171586774329,25262,-3860.17158677433,18982.9007847309
34,38,6,18,12,15546.943232767,716.702483571956,25534,-3829.70248357196,19894.9816453457
34,38,6,18,18,16303.098132883,761.66353289419,25504,-4158.66353289419,19317.5917835236
34,38,6,24,12,15655.6792217594,723.573149367664,25303,-3847.57314936766,18015.241338253
34,38,6,24,18,16266.9730343105,757.660260167657,25588,-4069.66026016766,21594.3981924057
34,38,6,24,24,16449.4266364671,761.770132015556,26252,-3847.77013201556,23188.8731451035
34,38,8,12,12,15322.6091310404,706.735513342588,25265,-3823.73551334259,25052.9247469902
34,38,8,18,12,15307.0094866285,706.05361642521,25082,-3887.05361642521,23978.4224555492
34,38,8,18,18,16111.4617233671,754.19799381982,25538,-4078.19799381982,25607.2189600468
34,38,8,24,12,15340.7838713169,705.871856289154,25203,-3920.87185628915,23188.411257267
34,38,8,24,18,16066.9745428453,749.817638158322,25527,-4085.81763815832,26202.6499803066
34,38,8,24,24,16174.4628323621,748.40305773671,26210,-3829.40305773671,27462.8012025356
34,40,10,12,12,15120.6719322772,693.701858879126,25229,-3880.70185887913,32374.943764925
34,40,10,18,12,15186.4583923009,699.038330284023,25234,-3821.03833028402,32922.3495323658
34,40,10,18,18,16025.5630088534,747.487745349553,25605,-4094.48774534955,34790.5138447285
34,40,10,24,12,15204.6237078137,699.625610686394,25139,-3885.62561068639,30610.8331370354
34,40,10,24,18,15985.6879026096,745.483646246173,25603,-4062.48364624617,34679.9482266903
34,40,10,24,24,16094.9993219825,744.801316864587,26252,-3853.80131686459,32947.5447165966
34,40,4,12,12,16043.3664243746,742.537599609228,25517,-3941.53759960923,11221.7800741196
34,40,4,18,12,16181.4645080064,745.356674276281,25395,-3959.35667427628,10944.251857996
34,40,4,18,18,16847.3056874091,784.945184679047,25360,-4129.94518467905,13440.8011090755
34,40,4,24,12,16137.7143262164,746.422488193661,25394,-3922.42248819366,11217.0109760761
34,40,4,24,18,16902.4438563712,788.655168875907,25645,-4113.65516887591,11648.4110898972
34,40,4,24,24,16932.2424586631,786.396815876593,26192,-3921.39681587659,44813.6359026432
34,40,6,12,12,15588.1731212211,720.46209722612,25187,-3877.46209722612,20195.9818258286
34,40,6,18,12,15575.0575707246,717.129142080403,25131,-3914.1291420804,18549.8854506016
34,40,6,18,18,16347.1371752612,761.999900654564,25491,-4131.99990065456,68413.1776280403
34,40,6,24,12,15563.6689104283,717.07304686513,25151,-3922.07304686513,60389.1908106804
34,40,6,24,18,16389.8942862791,768.502460170667,25507,-4162.50246017067,19266.4041583538
34,40,6,24,24,16497.2211492791,764.531248821442,26277,-3827.53124882144,20903.1404893398
34,40,8,12,12,15219.0742126166,700.11162009605,25128,-3902.11162009605,26679.8311984539
34,40,8,18,12,15310.4485890892,705.340280341861,25377,-3902.34028034186,24910.7198121548
34,40,8,18,18,16049.9228993463,749.321645911587,25436,-4108.32164591159,25979.0955889225
34,40,8,24,12,15296.9729707703,706.309136578121,25251,-3900.30913657812,24424.3031485081
34,40,8,24,18,16181.2588573617,754.1037311219,25374,-4168.1037311219,27973.1053307056
34,40,8,24,24,16252.8247423928,753.31023904829,26182,-3862.31023904829,29672.3377907276
36,30,10,12,12,15115.1790456286,695.355593781593,25377,-3888.35559378159,29038.038779974
36,30,10,18,12,15265.9267085018,702.461549524394,25254,-3893.46154952439,27276.4997143745
36,30,10,18,18,16058.8003537729,749.226342351876,25364,-4082.22634235188,29948.5315489769
36,30,10,24,12,15224.2079619676,702.115692037298,25258,-3838.1156920373,27381.917386055
36,30,10,24,18,15994.2936437955,747.280653985628,25455,-4111.28065398563,27594.1916639805
36,30,10,24,24,16177.2383953627,750.850058599493,26244,-3832.85005859949,31090.1562304497
36,30,4,12,12,16065.6028978317,742.497448337239,25166,-3909.49744833724,12681.8912994862
36,30,4,18,12,16067.5940181355,741.167890327799,25423,-3885.1678903278,11800.6962532997
36,30,4,18,18,16639.7915391409,776.552539800061,25584,-4104.55253980006,14321.9770274162
36,30,4,24,12,15939.9574601009,736.846546669309,25277,-3925.84654666931,13001.9044840336
36,30,4,24,18,16845.7915002932,784.828380819038,25724,-4138.82838081904,43890.6004376411
36,30,4,24,24,16874.4618523664,783.197822297578,26261,-3928.19782229758,15310.5830020905
36,30,6,12,12,15534.1980577462,716.360060892407,25352,-3873.36006089241,20466.8332898617
36,30,6,18,12,15539.4062827987,718.425212443568,25315,-3868.42521244357,19551.9303200245
36,30,6,18,18,16318.8053070539,760.390947689993,25659,-4055.39094768999,21041.8720772266
36,30,6,24,12,15510.8768549063,716.25233249897,25233,-3860.25233249897,19646.546172142
36,30,6,24,18,16419.0913360102,764.468018051395,25612,-4039.4680180514,19905.5437424183
36,30,6,24,24,16378.0134482999,761.643129634823,26060,-3874.64312963482,23569.2179298401
36,30,8,12,12,15216.0719299554,701.533027339695,25439,-3840.5330273397,26357.8438768387
36,30,8,18,12,15416.2308428797,709.619046745647,25313,-3829.61904674565,23354.1890027523
36,30,8,18,18,16244.4491825681,758.968950840421,25590,-4134.96895084042,26192.337690115
36,30,8,24,12,15343.2258325369,707.757063240082,25201,-3809.75706324008,25286.0834569931
36,30,8,24,18,16125.9123997049,752.249184734706,25558,-4098.24918473471,86262.0655009747
36,30,8,24,24,16204.7003867489,749.558565316238,26219,-3854.55856531624,29081.6789109707
36,32,10,12,12,15128.0045538161,697.093140585089,25073,-3892.09314058509,31599.6773951054
36,32,10,18,12,15270.0321786414,702.910894857082,25214,-3813.91089485708,29287.3409230709
36,32,10,18,18,16068.3560716794,750.618965728261,25582,-4123.61896572826,30826.17694664
36,32,10,24,12,15160.3950726308,697.022996645707,25269,-3818.02299664571,29066.2830193043
36,32,10,24,18,16005.2550496915,747.351721669109,25461,-4129.35172166911,30531.1490085125
36,32,10,24,24,16190.6231821284,749.318321074114,26217,-3863.31832107411,31787.9406440258
36,32,4,12,12,15957.72831227,737.47116631268,25291,-3921.47116631268,11820.0190696716
36,32,4,18,12,16070.2663873137,739.919849327413,25335,-3938.91984932741,10699.1386909485
36,32,4,18,18,16768.8054115643,779.890238120021,25579,-4138.89023812002,14479.7134263515
36,32,4,24,12,16031.6107191802,741.396430053149,25163,-3920.39643005315,11803.6516590118
36,32,4,24,18,16723.85825581,779.104576077258,25692,-4138.10457607726,12878.581815958
36,32,4,24,24,16948.5962899787,784.941005308247,26298,-3911.94100530825,15045.2538156509
36,32,6,12,12,15478.8730173033,714.047130622885,25299,-3854.04713062288,20172.4968287945
36,32,6,18,12,15492.7391596627,713.986936839636,25285,-3838.98693683964,20219.6015586853
36,32,6,18,18,16403.5398088598,766.419336839278,25419,-4125.41933683928,19704.4939143658
36,32,6,24,12,15546.3422814787,718.241899329696,25254,-3840.2418993297,18263.3631727695
36,32,6,24,18,16388.8464771471,765.422295275093,25543,-4168.42229527509,19846.1860976219
36,32,6,24,24,16426.1334696077,761.361173340977,26092,-3868.36117334098,21673.7675023079
36,32,8,12,12,15320.8023765456,706.257944945571,25193,-3877.25794494557,23380.1245863438
36,32,8,18,12,15438.1330939169,712.414401560323,25235,-3835.41440156032,25966.3460502625
36,32,8,18,18,16126.8015914524,752.203062569181,25507,-4078.20306256918,25686.798545599
36,32,8,24,12,15290.7953383567,705.615212102856,25257,-3833.61521210286,27222.0294246674
36,32,8,24,18,16129.0022845538,753.112137463712,25466,-4080.11213746371,27472.3134279251
36,32,8,24,24,16238.7766230977,755.021906072586,26120,-3833.02190607259,29960.3692853451
36,34,10,12,12,15206.0939373801,701.046987080608,25113,-3860.04698708061,29861.1360545158
36,34,10,18,12,15139.3430216032,696.412113645169,25333,-3865.41211364517,30493.4444413185
36,34,10,18,18,16020.8134659644,747.65530273171,25660,-4052.65530273171,32341.4804081917
36,34,10,24,12,15145.1072614593,699.290284718268,25281,-3821.29028471827,30336.2969839573
36,34,10,24,18,15930.411521888,743.978610041199,25424,-4086.9786100412,32738.4585716724
36,34,10,24,24,16041.7533883369,744.592756782256,26104,-3837.59275678226,31305.1457998753
36,34,4,12,12,16048.1373135084,741.091393552023,25327,-3895.09139355202,12205.2844269276
36,34,4,18,12,16001.2736210078,739.336793584171,25296,-3937.33679358417,12343.8133807182
36,34,4,18,18,16750.5296077899,783.494700334709,25433,-4154.49470033471,13440.7994008064
36,34,4,24,12,15980.3873830774,736.371630980183,25073,-3929.37163098018,11654.087151289
36,34,4,24,18,16701.9078504502,780.46546047032,25462,-4163.46546047032,13435.141140461
36,34,4,24,24,16864.4379002167,780.901649670628,26172,-3895.90164967063,15021.96042943
36,34,6,12,12,15480.0470127257,713.850221009836,25225,-3910.85022100984,19924.3167324066
36,34,6,18,12,15499.9602466692,715.979758842874,25270,-3896.97975884287,20138.093054533
36,34,6,18,18,16256.9405372836,758.493378769798,25527,-4070.4933787698,20934.9205071926
36,34,6,24,12,15494.1537636376,715.250427842437,25140,-3913.25042784244,19852.4995558262
36,34,6,24,18,16319.6527452771,761.51118529212,25543,-4104.51118529212,21156.6615507603
36,34,6,24,24,16386.1734450175,759.324645451734,26232,-3892.32464545173,22444.3572802544
36,34,8,12,12,15372.9625652708,709.190393621404,25214,-3858.1903936214,24860.6571826935
36,34,8,18,12,15272.7260426483,702.751724980555,25301,-3890.75172498055,26084.9751827717
36,34,8,18,18,16108.8029732139,750.577510858251,25438,-4054.57751085825,26573.082505703
36,34,8,24,12,15292.3841068814,707.154455706248,25144,-3852.15445570625,25194.7640767097
36,34,8,24,18,16169.9264323247,754.047338877472,25678,-4085.04733887747,27077.8083670139
36,34,8,24,24,16196.5038823699,750.61331254079,26097,-3844.61331254079,29386.0718517303
36,36,10,12,12,15205.8049954272,701.644794229206,25180,-3825.64479422921,32300.6083025932
36,36,10,18,12,15118.1828176708,695.718277746123,25300,-3876.71827774612,32936.4449939728
36,36,10,18,18,15942.3237770912,744.552676134522,25515,-4098.55267613452,33402.9207620621
36,36,10,24,12,15153.2383887994,699.44923690419,25266,-3828.44923690419,32278.0790367126
36,36,10,24,18,16068.4236146864,747.967687081557,25595,-4100.96768708156,31658.3327212334
36,36,10,24,24,16017.0088616281,740.435205678945,26127,-3820.43520567895,34235.2175939083
36,36,4,12,12,15949.0810370379,735.53028383262,25095,-3950.53028383262,12472.9381253719
36,36,4,18,12,16045.0044366649,740.979922863602,25120,-3944.9799228636,12611.49010849
36,36,4,18,18,16826.9878812763,785.116207141343,25451,-4158.11620714134,12759.8607504368
36,36,4,24,12,15874.1058953531,730.640515286898,25272,-3930.6405152869,12697.2760834694
36,36,4,24,18,16867.8068980389,786.673530569533,25777,-4122.67353056953,13435.1094560623
36,36,4,24,24,16746.9507333792,776.525592299189,26163,-3880.52559229919,15440.5156745911
36,36,6,12,12,15544.5541042132,718.303087534684,25330,-3843.30308753468,20938.5209822655
36,36,6,18,12,15530.3776208995,716.537371227188,25231,-3890.53737122719,21290.9933214188
36,36,6,18,18,16289.7462638333,760.468066105561,25664,-4063.46806610556,22603.1236512661
36,36,6,24,12,15525.7446632437,716.390694814429,25345,-3867.39069481443,62801.4137995243
36,36,6,24,18,16344.2668766845,762.347460875372,25649,-4089.34746087537,21840.019102335
36,36,6,24,24,16382.9716646395,758.795137329811,26263,-3838.79513732981,23581.7352693081
36,36,8,12,12,15265.1218121067,704.691658375811,25267,-3827.69165837581,27316.8726184368
36,36,8,18,12,15310.910642307,706.15340195212,25300,-3832.15340195212,27067.4591562748
36,36,8,18,18,16122.0254921415,751.991542076338,25412,-4068.99154207634,26571.7834272385
36,36,8,24,12,15373.9006509953,709.533525620385,25306,-3817.53352562038,24535.8095607758
36,36,8,24,18,16099.6580898922,752.993698687726,25462,-4070.99369868773,26510.1132121086
36,36,8,24,24,16178.2681916015,747.665275458377,26101,-3850.66527545838,29085.8567829132
36,38,10,12,12,15239.9974915437,701.825612572384,25185,-3808.82561257238,32053.2229287624
36,38,10,18,12,15157.1146222311,697.507971275228,25043,-3897.50797127523,31664.4230942726
36,38,10,18,18,15887.9100649468,741.796441201706,25635,-4081.79644120171,35217.4539208412
36,38,10,24,12,15243.0142800242,701.212134559137,25051,-3808.21213455914,30220.9054739475
36,38,10,24,18,16002.5681600492,748.156698029211,25678,-4146.15669802921,35323.165977478
36,38,10,24,24,16138.8180265144,746.951301001477,26159,-3817.95130100148,34246.1698095798
36,38,4,12,12,15984.8974752441,738.518360942683,25284,-3921.51836094268,12585.6623830795
36,38,4,18,12,15970.1592124735,737.788851672621,25294,-3885.78885167262,12838.5754523277
36,38,4,18,18,16732.7351805672,780.860060990296,25389,-4141.8600609903,14156.0195083618
36,38,4,24,12,15951.9568184394,737.229247810338,25209,-3940.22924781034,13249.4211540222
36,38,4,24,18,16727.710818842,781.630772739316,25751,-4092.63077273932,13102.8364169598
36,38,4,24,24,16929.2970531784,786.119177496288,25998,-3915.11917749629,15419.4573001862
36,38,6,12,12,15571.4136187361,720.220536198714,25259,-3858.22053619871,20558.5625631809
36,38,6,18,12,15576.5038653588,717.842340164562,25247,-3872.84234016456,18241.1545467377
36,38,6,18,18,16388.8949679155,763.973541552573,25390,-4166.97354155257,21459.0691120625
36,38,6,24,12,15509.1943975148,715.9043289117,25319,-3866.9043289117,18588.3266453743
36,38,6,24,18,16385.5595057694,763.724852966236,25477,-4112.72485296624,22136.344884634
36,38,6,24,24,16440.9744342115,761.365919225731,26226,-3848.36591922573,24908.1146259308
36,38,8,12,12,15324.3889442526,707.753854043916,25323,-3814.75385404392,28091.071318388
36,38,8,18,12,15384.5319969826,709.558587600778,25281,-3842.55858760078,28612.5348544121
36,38,8,18,18,16159.0009869413,753.350248569184,25473,-4122.35024856918,29634.2093098164
36,38,8,24,12,15347.8067062231,707.282330497668,24955,-3879.28233049767,25360.4659261703
36,38,8,24,18,16054.6062678215,748.372811919962,25502,-4087.37281191996,27121.2956221104
36,38,8,24,24,16241.4441282758,749.851492338549,26262,-3825.85149233855,31112.1881268024
36,40,10,12,12,15110.6005001306,693.053802018849,25153,-3879.05380201885,33900.2916126251
36,40,10,18,12,15178.9735951373,697.165035144338,25242,-3874.16503514434,33297.4951007366
36,40,10,18,18,16001.884089015,746.291160972533,25537,-4092.29116097253,35175.9835746288
36,40,10,24,12,15261.4099120691,705.615619309936,25055,-3805.61561930994,34561.5041260719
36,40,10,24,18,15977.1278119981,743.677294067571,25467,-4099.67729406757,36671.2963171005
36,40,10,24,24,16053.0608805518,742.786215702709,26292,-3804.78621570271,37589.1508572102
36,40,4,12,12,16020.5543585053,740.26958874716,25199,-3947.26958874716,12686.2719471455
36,40,4,18,12,16044.7028084107,742.803740496225,25255,-3917.80374049623,12665.2014267445
36,40,4,18,18,16784.664260681,783.166106368427,25557,-4162.16610636843,13760.0174534321
36,40,4,24,12,16103.3971724996,745.675883571207,25329,-3912.67588357121,13332.7589914799
36,40,4,24,18,16583.0572463056,772.017782769577,25629,-4104.01778276958,14202.6596088409
36,40,4,24,24,16984.3276651198,789.216785522166,26227,-3906.21678552217,13831.3202650547
36,40,6,12,12,15488.6435216569,715.013492714906,25171,-3912.01349271491,19156.472871542
36,40,6,18,12,15520.1007210375,716.600166165044,25365,-3881.60016616504,18405.9518327713
36,40,6,18,18,16485.324931965,769.434917268527,25618,-4084.43491726853,20590.484995842
36,40,6,24,12,15487.4849929178,714.581500179588,25351,-3893.58150017959,19913.4400639534
36,40,6,24,18,16269.941208756,758.346626615584,25609,-4099.34662661558,22132.4273357391
36,40,6,24,24,16412.7112090064,759.479679089528,26260,-3815.47967908953,23778.3510863781
36,40,8,12,12,15299.73490543,703.763923184969,25223,-3890.76392318497,26698.1108131409
36,40,8,18,12,15275.1954540626,706.322223516354,25074,-3853.32222351635,25257.952870369
36,40,8,18,18,15980.5596828583,745.941193797313,25615,-4033.94119379731,29371.4140176773
36,40,8,24,12,15231.5943048848,701.841576829309,25257,-3885.84157682931,28544.8161635399
36,40,8,24,18,16133.691270268,752.364692105702,25535,-4090.3646921057,30192.2104065418
36,40,8,24,24,16198.1307486197,749.363927830389,26134,-3844.36392783039,29861.5599856377
38,30,10,12,12,15227.9854751855,701.469982739737,25179,-3846.46998273974,31044.4791274071
38,30,10,18,12,15207.5251832949,700.561918534812,25178,-3865.56191853481,30007.4411067963
38,30,10,18,18,16092.5749616113,751.057743825494,25545,-4116.05774382549,30919.3647212982
38,30,10,24,12,15223.6027489462,701.781161324395,25202,-3855.78116132439,31336.2091174126
38,30,10,24,18,16058.4188182794,749.071881472177,25485,-4084.07188147218,32738.7757995129
38,30,10,24,24,16098.5490059139,746.851979055601,26013,-3824.8519790556,30640.4550719261
38,30,4,12,12,15982.061496678,737.891995555138,25283,-3868.89199555514,13469.474707365
38,30,4,18,12,15897.2506820908,735.80524519848,25368,-3910.80524519848,13241.952429533
38,30,4,18,18,16665.6141823045,775.658945536424,25603,-4073.65894553642,14828.1500308514
38,30,4,24,12,15979.5083438406,737.640475113058,25158,-3892.64047511306,13259.8890161514
38,30,4,24,18,16773.7029907805,782.713533229595,25525,-4140.71353322959,13246.0501818657
38,30,4,24,24,16900.335771699,785.113489357236,26170,-3895.11348935724,14798.5075414181
38,30,6,12,12,15629.7018585387,722.026160038479,25148,-3830.02616003848,21079.0690979958
38,30,6,18,12,15495.3843745713,714.263682926571,25221,-3901.26368292657,21232.5248134136
38,30,6,18,18,16355.7077130271,763.756677420823,25682,-4111.75667742082,22220.258253336
38,30,6,24,12,15487.2007892645,714.309101244988,25193,-3907.30910124499,21218.6718447208
38,30,6,24,18,16272.7081371177,758.279974523273,25670,-4103.27997452327,22442.742153883
38,30,6,24,24,16441.6540217809,762.399458929968,26215,-3863.39945892997,24593.6391239166
38,30,8,12,12,15301.4306511871,705.071847327708,25265,-3841.07184732771,25101.9637305737
38,30,8,18,12,15222.0534375247,702.885928545332,25273,-3839.88592854533,25138.6986503601
38,30,8,18,18,16078.7381618538,751.350773292802,25676,-4084.3507732928,26562.6572034359
38,30,8,24,12,15268.7383816913,705.131267323743,25224,-3887.13126732374,25437.9212722778
38,30,8,24,18,16070.101820316,751.471797870206,25355,-4107.47179787021,29085.2446379662
38,30,8,24,24,16145.9005651735,746.544916940082,26165,-3835.54491694008,30038.2331500053
38,32,10,12,12,15144.0970169637,697.744479929901,25128,-3882.7444799299,30622.5342271328
38,32,10,18,12,15166.5244338985,697.298019571016,25190,-3859.29801957102,32754.0513682365
38,32,10,18,18,16014.9336338494,747.368071581872,25572,-4057.36807158187,33097.318726778
38,32,10,24,12,15187.9320304389,699.145210710627,25320,-3812.14521071063,29638.3587470055
38,32,10,24,18,15931.7507733384,743.973577263383,25508,-4075.97357726338,32952.2796564102
38,32,10,24,24,16105.0838842315,744.682778836444,26148,-3824.68277883644,34557.7260832787
38,32,4,12,12,15882.6558902812,734.180399723957,25334,-3917.18039972396,13348.4359562397
38,32,4,18,12,15955.6679289782,736.305430686687,25198,-3934.30543068669,13554.5066635609
38,32,4,18,18,16746.3095229119,780.53481104584,25626,-4144.53481104584,14708.9662804604
38,32,4,24,12,15866.9282721115,732.294786665613,25491,-3905.29478666561,13907.6994371414
38,32,4,24,18,16704.9904456012,778.628847535721,25566,-4125.62884753572,14094.3424224854
38,32,4,24,24,16795.8255775072,779.819641792401,26162,-3892.8196417924,15612.0430860519
38,32,6,12,12,15412.4236967365,710.426424983484,25383,-3887.42642498348,21078.4707334042
38,32,6,18,12,15480.3267500248,715.624167515746,25222,-3819.62416751575,20967.314633131
38,32,6,18,18,16291.162149608,760.151208541947,25702,-4095.15120854195,23150.3574931622
38,32,6,24,12,15534.1871692102,717.688046386125,25259,-3877.68804638612,21357.6212937832
38,32,6,24,18,16275.8549928387,762.282011612931,25631,-4103.28201161293,22271.0021736622
38,32,6,24,24,16324.6473568531,757.643189362171,26303,-3825.64318936217,24075.6059126854
38,32,8,12,12,15301.2032966658,704.594871252253,25187,-3889.59487125225,26982.3668255806
38,32,8,18,12,15282.9995304771,705.328400558865,25247,-3858.32840055886,25194.4083356857
38,32,8,18,18,16116.4148431285,753.314621648106,25547,-4100.31462164811,90721.8488428593
38,32,8,24,12,15200.4604274536,701.464405043053,25168,-3904.46440504305,27038.6051895618
38,32,8,24,18,16088.710581248,751.193688713358,25386,-4137.19368871336,28449.9413747787
38,32,8,24,24,16240.5151618198,752.46515750674,26209,-3839.46515750674,30143.0984630585
38,34,10,12,12,15187.3005323582,701.042551800493,25294,-3823.04255180049,32125.8363153934
38,34,10,18,12,15116.5072178329,694.44221509407,25432,-3804.44221509407,32399.5919599533
38,34,10,18,18,16006.6935284215,746.98066428583,25442,-4139.98066428583,34319.1408493519
38,34,10,24,12,15170.1870778915,699.348785889874,25162,-3859.34878588987,32494.6776587963
38,34,10,24,18,16017.6875818762,747.470161498713,25510,-4086.47016149871,34567.1369900703
38,34,10,24,24,15952.098822066,738.41417275068,26065,-3809.41417275068,36505.2594120502
38,34,4,12,12,16009.2112698692,738.175062227619,25341,-3941.17506222762,13805.0179915428
38,34,4,18,12,15922.7694305465,735.226350500489,25350,-3935.22635050049,13692.1622033119
38,34,4,18,18,16670.0467248428,777.165862177632,25514,-4162.16586217763,14716.6823868752
38,34,4,24,12,15896.2301020077,733.904772280524,25317,-3944.90477228052,12154.0355122089
38,34,4,24,18,16838.2485865264,785.531825216036,25647,-4149.53182521604,13824.5183782578
38,34,4,24,24,16868.1533702193,782.065723381302,25996,-3945.0657233813,14802.9992761612
38,34,6,12,12,15439.9181067332,712.563269117054,25241,-3922.56326911705,19670.5357477665
38,34,6,18,12,15426.2863078332,711.113920969198,25208,-3890.1139209692,19071.1935942173
38,34,6,18,18,16380.2297371668,765.268853709104,25546,-4149.2688537091,21608.4242763519
38,34,6,24,12,15488.1652436279,714.30460700621,25349,-3903.30460700621,19124.8639361858
38,34,6,24,18,16318.4946304359,761.98518660179,25520,-4152.98518660179,21441.1200370789
38,34,6,24,24,16327.5244993193,755.565558378438,26073,-3843.56555837844,23707.0782232285
38,34,8,12,12,15224.2393504514,701.199488002822,25212,-3885.19948800282,26133.5921821594
38,34,8,18,12,15229.5007130909,700.973594117883,25254,-3898.97359411788,27170.0514793396
38,34,8,18,18,16076.4612851169,750.221013490754,25487,-4101.22101349075,30397.7522239685
38,34,8,24,12,15252.2651310549,703.191867825719,25079,-3866.19186782572,27578.792160511
38,34,8,24,18,16074.484164635,748.928426503259,25540,-4090.92842650326,27403.6998229027
38,34,8,24,24,16194.1588448814,749.677163790568,26254,-3811.67716379057,30197.7371423244
38,36,10,12,12,15145.1757791926,696.431131321374,25064,-3858.43113132137,32784.7243728638
38,36,10,18,12,15134.0363747493,697.407978004718,25269,-3807.40797800472,33317.6516022682
38,36,10,18,18,16069.5538898396,750.128436635509,25424,-4101.12843663551,35280.7628085613
38,36,10,24,12,15160.8638135375,700.470184907592,25200,-3848.47018490759,33500.6447963715
38,36,10,24,18,15990.3924453894,747.05044858197,25555,-4076.05044858197,32019.9422726631
38,36,10,24,24,16006.2187899092,741.655554578359,26267,-3811.65555457836,35829.5494618416
38,36,4,12,12,16011.8076629963,739.912667706151,25248,-3890.91266770615,12148.3880448341
38,36,4,18,12,16029.4429690346,740.246283093135,25212,-3892.24628309314,12291.1823420525
38,36,4,18,18,16700.4876571924,780.197188543795,25519,-4123.1971885438,15057.6807041168
38,36,4,24,12,15938.4158544584,734.208347439132,25371,-3919.20834743913,13083.8962769508
38,36,4,24,18,16709.3553072352,779.157992689395,25410,-4139.15799268939,14747.3204402924
38,36,4,24,24,16872.4322606636,780.844055133141,26146,-3899.84405513314,16058.4749853611
38,36,6,12,12,15406.5058695407,711.62529273697,25213,-3916.62529273697,21881.627563715
38,36,6,18,12,15423.1841450967,710.769627945698,25230,-3916.7696279457,21281.5171761513
38,36,6,18,18,16313.6823998316,760.79362002712,25519,-4178.79362002712,23406.2396287918
38,36,6,24,12,15530.5898222037,716.589208806795,25284,-3852.5892088068,21191.6769835949
38,36,6,24,18,16254.7708935576,759.637001591142,25555,-4127.63700159114,23510.9798960686
38,36,6,24,24,16375.3757899911,759.407514970491,26110,-3861.40751497049,23333.2308571339
38,36,8,12,12,15241.4292565292,702.596565454125,25295,-3869.59656545413,28610.4915189743
38,36,8,18,12,15339.8736282815,707.424972388234,24976,-3893.42497238823,28273.8586521149
38,36,8,18,18,16193.9193919181,756.565514880187,25450,-4120.56551488019,28984.012575388
38,36,8,24,12,15333.7793633443,706.933328985518,25099,-3821.93332898552,25638.438678503
38,36,8,24,18,16011.4607539254,746.662385668612,25551,-4083.66238566861,27550.0410780907
38,36,8,24,24,16269.3504570157,755.321456678242,26002,-3851.32145667824,29081.8548059464
38,38,10,12,12,15173.3688226506,697.231449065335,25198,-3883.23144906533,33388.7742035389
38,38,10,18,12,15036.1864531739,692.202459252563,25124,-3878.20245925256,31024.3974590302
38,38,10,18,18,15974.1618401684,745.020495949365,25321,-4097.02049594937,32408.3921329975
38,38,10,24,12,15166.5689774613,697.173575213443,25102,-3876.17357521344,33688.3927297592
38,38,10,24,18,15995.0594529643,746.898686727615,25613,-4095.89868672761,35148.800355196
38,38,10,24,24,16106.3048947486,745.18469214744,26087,-3851.18469214744,37043.8634068966
38,38,4,12,12,15910.9557269519,733.853713319425,25124,-3949.85371331942,13992.8202216625
38,38,4,18,12,15912.5855794172,735.346530898242,25192,-3923.34653089824,14029.7885167599
38,38,4,18,18,16752.740216685,781.842419127154,25632,-4157.84241912715,13464.2656369209
38,38,4,24,12,15889.3762630334,733.721649822472,25318,-3946.72164982247,12148.7985620499
38,38,4,24,18,16636.9254495101,778.589013318116,25495,-4108.58901331812,13803.4437439442
38,38,4,24,24,16777.609520847,778.20695673485,26256,-3885.20695673485,14353.6139371395
38,38,6,12,12,15461.8491389542,715.211624642448,25116,-3862.21162464245,19106.2015619278
38,38,6,18,12,15524.3719223315,717.015270142952,25021,-3853.01527014295,19431.1180467606
38,38,6,18,18,16271.023948907,759.883318306487,25537,-4142.88331830649,21165.473593235
38,38,6,24,12,15515.4554429646,716.070351889225,25261,-3837.07035188923,21998.8562757969
38,38,6,24,18,16268.8341565823,758.799972039262,25566,-4106.79997203926,24120.0800402164
38,38,6,24,24,16395.1658268285,761.075407691387,26148,-3860.07540769139,25217.0321238041
38,38,8,12,12,15239.7506248184,703.008046810744,25246,-3829.00804681074,28935.765540123
38,38,8,18,12,15325.9552562881,706.806252503255,25310,-3816.80625250326,28431.9548871517
38,38,8,18,18,16056.522884443,749.569058782454,25634,-4100.56905878245,28702.7065222263
38,38,8,24,12,15265.6126092028,706.203176445279,25152,-3838.20317644528,27545.0585956573
38,38,8,24,18,16055.5159183818,749.306889170256,25436,-4139.30688917026,32264.8598492146
38,38,8,24,24,16230.7182293762,751.041674064417,26173,-3847.04167406442,33052.9384763241
38,40,10,12,12,15098.023500752,694.55815981508,25164,-3789.55815981508,32630.877494812
38,40,10,18,12,15055.9533527332,693.621057051843,25370,-3862.62105705184,31846.7899639606
38,40,10,18,18,15953.3594281524,743.094332388377,25401,-4061.09433238838,36368.8537693024
38,40,10,24,12,15158.160123474,696.383474081734,25223,-3815.38347408173,33556.5714166164
38,40,10,24,18,15991.1898856763,744.142862770248,25445,-4050.14286277025,36253.7948248386
38,40,10,24,24,16068.2026917613,744.576594374603,26149,-3816.5765943746,37736.6811053753
38,40,4,12,12,15853.8496631254,731.477270100036,25220,-3938.47727010004,12255.3021917343
38,40,4,18,12,16029.1298331902,740.52034145429,25260,-3914.52034145429,12638.3864369392
38,40,4,18,18,16841.2221770579,785.288079992021,25558,-4156.28807999202,13327.7280461788
38,40,4,24,12,15950.2856428329,734.692255733077,25181,-3937.69225573308,12480.2830078602
38,40,4,24,18,16735.0962015273,782.232908827307,25578,-4132.23290882731,14514.2992544174
38,40,4,24,24,16708.2643762186,772.665688852874,26198,-3887.66568885287,16652.4957039356
38,40,6,12,12,15582.2191555535,719.068971554254,25283,-3839.06897155425,18640.5621256828
38,40,6,18,12,15356.2546225859,708.591882298256,25346,-3914.59188229826,19965.1485903263
38,40,6,18,18,16296.5404248524,760.090617429081,25466,-4072.09061742908,21199.7167460918
38,40,6,24,12,15522.3934990695,716.692753186211,25315,-3862.69275318621,20580.881367445
38,40,6,24,18,16262.0520043183,759.141574846522,25519,-4088.14157484652,22796.2153995037
38,40,6,24,24,16424.4086822826,758.28164398297,26243,-3834.28164398297,25204.9233403206
38,40,8,12,12,15312.2118237007,705.976647922156,25256,-3824.97664792216,28016.9596345425
38,40,8,18,12,15145.0672093649,697.372751743211,25217,-3899.37275174321,29142.2797541618
38,40,8,18,18,16025.1592113297,747.818706706847,25447,-4109.81870670685,29904.8115308285
38,40,8,24,12,15258.8041800008,703.591669847772,25242,-3847.59166984777,28821.7730236053
38,40,8,24,18,16072.4660871676,749.511859361872,25595,-4087.51185936187,31020.2311820984
38,40,8,24,24,16124.8837441767,746.577533648821,26232,-3827.57753364882,33052.1165897846
40,30,10,12,12,15223.764760531,703.644729331832,25138,-3818.64472933183,31594.2845447063
40,30,10,18,12,15214.4778748909,702.610599907993,25157,-3862.61059990799,31739.6892313957
40,30,10,18,18,15976.8660818254,747.017247570145,25588,-4090.01724757015,34363.2831702232
40,30,10,24,12,15130.2549252846,698.516251389148,25148,-3791.51625138915,29102.9649796486
40,30,10,24,18,15920.1906401844,741.247162755,25653,-4098.247162755,30187.2911522388
40,30,10,24,24,15999.9161986844,741.323203140566,26153,-3814.32320314057,30922.2354381084
40,30,4,12,12,15905.4862704827,736.583869586083,25260,-3876.58386958608,13633.0754985809
40,30,4,18,12,16010.8110025708,738.68721246308,25177,-3901.68721246308,13575.4868431091
40,30,4,18,18,16856.6013538313,785.091666447826,25575,-4129.09166644783,14844.9083764553
40,30,4,24,12,15837.7573772073,731.239912494672,25224,-3894.23991249467,13760.2857618332
40,30,4,24,18,16647.7031877326,779.051933298418,25564,-4128.05193329842,15142.7152752876
40,30,4,24,24,16700.88136718,773.738094402361,26328,-3867.73809440236,17305.3052380085
40,30,6,12,12,15465.0959763241,713.239176931086,25239,-3840.23917693109,21619.0893390179
40,30,6,18,12,15443.2379631667,714.782501660605,25210,-3871.78250166061,21451.2578508854
40,30,6,18,18,16268.3167582116,759.967825581194,25470,-4106.96782558119,23992.3720002174
40,30,6,24,12,15453.0122234137,712.030299456497,25136,-3895.0302994565,21056.800419569
40,30,6,24,18,16160.2687907869,755.257620339883,25469,-4129.25762033988,23914.3251218796
40,30,6,24,24,16389.7003527965,758.294016139987,26129,-3859.29401613999,24742.6186432838
40,30,8,12,12,15277.6441578549,705.499584107458,25144,-3807.49958410746,25126.8418841362
40,30,8,18,12,15212.0122242335,703.613279881243,25217,-3831.61327988124,25153.3854718208
40,30,8,18,18,16086.4319734288,750.780970785378,25539,-4089.78097078538,26672.2802894115
40,30,8,24,12,15152.5604912583,697.542096947648,25224,-3879.54209694765,26385.1781730652
40,30,8,24,18,16123.9091867426,752.426666429473,25550,-4119.42666642947,28547.5968811512
40,30,8,24,24,16098.6512029034,746.421619226272,26250,-3830.42161922627,31181.2165033817
40,32,10,12,12,15182.6566493514,701.173589123749,25202,-3818.17358912375,31406.268071413
40,32,10,18,12,15113.9841660459,695.53086847704,25373,-3797.53086847704,33373.3855540752
40,32,10,18,18,15977.6040341034,742.87894820903,25614,-4085.87894820903,34725.9035205841
40,32,10,24,12,15125.4781671205,697.772804574418,25332,-3803.77280457442,32781.6179952621
40,32,10,24,18,15964.8764099789,744.328406972586,25526,-4086.32840697259,32273.4370048046
40,32,10,24,24,16069.4102404905,743.498738764941,26198,-3808.49873876494,36038.072883606
40,32,4,12,12,15923.7410635211,736.04139473492,25285,-3892.04139473492,12508.7588179111
40,32,4,18,12,15894.0722843489,733.701664237048,25142,-3891.70166423705,12589.9496278763
40,32,4,18,18,16713.2530296492,780.326971900916,25580,-4129.32697190092,13780.5895311832
40,32,4,24,12,15923.572864,736.405830117082,25436,-3878.40583011708,13063.0094842911
40,32,4,24,18,16683.123427531,776.139852568712,25561,-4157.13985256871,14211.7331991196
40,32,4,24,24,16794.8824712114,778.010945097645,26373,-3880.01094509764,15320.3939373493
40,32,6,12,12,15539.3380743448,717.188106935229,25337,-3828.18810693523,20724.5146458149
40,32,6,18,12,15372.0181332854,712.128027508888,25265,-3841.12802750889,21978.5793294907
40,32,6,18,18,16264.2106927994,757.555469579561,25429,-4144.55546957956,24697.6507189274
40,32,6,24,12,15495.788411562,715.451859292695,25189,-3854.4518592927,21854.5962240696
40,32,6,24,18,16191.0286580552,755.068401209771,25598,-4099.06840120977,21632.8417744637
40,32,6,24,24,16498.4436311318,763.102908017832,26219,-3869.10290801783,22414.9529790878
40,32,8,12,12,15281.5608647695,705.17142721393,25074,-3881.17142721393,28726.65625
40,32,8,18,12,15243.4148800075,704.222666959134,25274,-3817.22266695913,26195.6481416225
40,32,8,18,18,16083.6893722289,751.827893766692,25459,-4091.82789376669,28602.2508187294
40,32,8,24,12,15250.8649590347,702.100660462592,25175,-3904.10066046259,26731.1528446674
40,32,8,24,18,16034.2697502373,748.544475100196,25462,-4097.5444751002,28931.1018092632
40,32,8,24,24,16149.8487582857,746.40615651155,26114,-3829.40615651155,29721.2558231354
40,34,10,12,12,15158.3613626405,697.724970495387,25043,-3882.72497049539,32013.2394156456
40,34,10,18,12,15093.4320004126,693.930151149232,25121,-3868.93015114923,32180.7365560532
40,34,10,18,18,15920.5535213326,742.975488765963,25371,-4084.97548876596,34601.1021928787
40,34,10,24,12,15147.8878843693,698.654665471331,25203,-3819.65466547133,30447.5129356384
40,34,10,24,18,15923.9073743376,743.397851892228,25287,-4070.39785189223,33050.6072933674
40,34,10,24,24,15959.9385689765,738.835539115404,26165,-3795.8355391154,34741.4198102951
40,34,4,12,12,15869.6347943822,732.018955584369,25171,-3915.01895558437,14495.0659656525
40,34,4,18,12,15947.0356731166,736.149766421033,25314,-3908.14976642103,13709.3457372189
40,34,4,18,18,16771.2469193663,781.704122425209,25629,-4134.70412242521,15192.6861071587
40,34,4,24,12,15934.3113501999,736.398350163897,25116,-3880.3983501639,12718.4122622013
40,34,4,24,18,16712.1983590397,780.413101459592,25594,-4113.41310145959,20561.7347657681
40,34,4,24,24,16706.7878001204,773.538172085636,26241,-3899.53817208564,16024.6860492229
40,34,6,12,12,15417.9149044273,712.89456477622,25293,-3832.89456477622,22104.5795931816
40,34,6,18,12,15452.4148248824,714.14885159717,25221,-3853.14885159717,21828.3356897831
40,34,6,18,18,16264.4838947162,760.774284310142,25550,-4117.77428431014,23528.9420874119
40,34,6,24,12,15362.5786905301,709.977636220681,25373,-3885.97763622068,22047.2240440845
40,34,6,24,18,16189.9883271533,756.140388352843,25697,-4061.14038835284,22394.6676111221
40,34,6,24,24,16298.0350572572,754.198294011776,26291,-3843.19829401178,23641.52501297
40,34,8,12,12,15185.8276740576,699.396342024449,25218,-3878.39634202445,28442.4228637218
40,34,8,18,12,15241.3968625782,700.978701942874,25127,-3891.97870194287,28998.3225393295
40,34,8,18,18,16066.3418416133,748.853506164842,25515,-4108.85350616484,29268.1504735947
40,34,8,24,12,15228.6848279022,700.682609030376,25285,-3829.68260903038,29048.5325922966
40,34,8,24,18,16078.9551832245,750.8221476076,25522,-4067.8221476076,28453.1139817238
40,34,8,24,24,16174.2220959097,748.316948350099,26186,-3842.3169483501,30089.3193540573
40,36,10,12,12,15140.6605565057,698.729651118782,25150,-3815.72965111878,31789.5878760815
40,36,10,18,12,15182.453939302,699.800749019665,25315,-3807.80074901967,34742.3838450909
40,36,10,18,18,16013.3953514098,746.662683474978,25478,-4123.66268347498,32886.7223129272
40,36,10,24,12,15078.7630330011,694.226658404504,25234,-3870.2266584045,34184.8142178059
40,36,10,24,18,15866.7233494185,741.404358163969,25577,-4071.40435816397,33383.585914135
40,36,10,24,24,15987.9489731223,738.062882779582,26198,-3800.06288277958,35878.6837239265
40,36,4,12,12,15926.4156626741,733.755156610888,25278,-3936.75515661089,14185.6943295002
40,36,4,18,12,15945.8898580778,736.835008542976,25228,-3883.83500854298,13886.7667834759
40,36,4,18,18,16779.9972426258,782.512143836166,25577,-4122.51214383617,14604.5393998623
40,36,4,24,12,15828.5022106777,731.166527353623,25328,-3902.16652735362,14581.030261755
40,36,4,24,18,16691.1546923079,780.231435200101,25572,-4157.2314352001,15205.4915173054
40,36,4,24,24,16755.8461042667,777.371930242268,26111,-3885.37193024227,16313.132434845
40,36,6,12,12,15520.3261743834,716.301246938531,25240,-3826.30124693853,22389.4979012012
40,36,6,18,12,15448.6852898071,713.298476416356,25097,-3825.29847641636,21969.0080623627
40,36,6,18,18,16148.9517600639,754.536601109586,25674,-4065.53660110959,23801.5654404163
40,36,6,24,12,15462.6958239958,714.558630119572,25174,-3842.55863011957,22158.4498872757
40,36,6,24,18,16307.0213545413,762.746374067483,25597,-4102.74637406748,23548.3634459972
40,36,6,24,24,16065.4621542356,744.824733987151,26180,-3827.82473398715,26099.9180867672
40,36,8,12,12,15244.4401241042,703.970094605995,25265,-3811.970094606,28898.724640131
40,36,8,18,12,15297.8666172419,704.121855645113,25228,-3832.12185564511,29240.1979036331
40,36,8,18,18,16029.0075719497,746.385395642601,25587,-4106.3853956426,31764.0397615433
40,36,8,24,12,15312.53110612,709.188926329125,25095,-3860.18892632913,28993.4885654449
40,36,8,24,18,16073.6398220489,749.934586730051,25475,-4112.93458673005,30349.1145789623
40,36,8,24,24,16092.4246739862,744.148773143345,26177,-3819.14877314335,32060.4054157734
40,38,10,12,12,15117.0439094783,697.171438447098,25256,-3853.1714384471,35032.8839709759
40,38,10,18,12,15146.9212768965,698.605336327467,25183,-3852.60533632747,35953.7622914314
40,38,10,18,18,15879.8994060395,739.835917311302,25371,-4073.8359173113,36787.4931776524
40,38,10,24,12,15137.6154852664,697.609159480784,25217,-3822.60915948078,35016.2546901703
40,38,10,24,18,15883.3510576353,741.393789052262,25478,-4072.39378905226,34543.8903427124
40,38,10,24,24,15974.0446297872,740.319852057193,26168,-3801.31985205719,38431.2470781803
40,38,4,12,12,15892.1709656239,735.139538110758,25318,-3936.13953811076,13138.2243645191
40,38,4,18,12,15871.635015462,732.660078480193,25255,-3940.66007848019,13563.1464145184
40,38,4,18,18,16589.3070461532,773.131490182118,25630,-4119.13149018212,15229.9990880489
40,38,4,24,12,15965.4091484372,737.734153806224,25266,-3892.73415380622,14013.4205625057
40,38,4,24,18,16743.2899844461,779.03864214746,25489,-4110.03864214746,15590.8617351055
40,38,4,24,24,16683.6089127118,772.763261665785,26262,-3887.76326166579,17209.0393483639
40,38,6,12,12,15477.2869428214,714.405928304679,25114,-3893.40592830468,22202.296325922
40,38,6,18,12,15452.1175168823,712.035306142713,25198,-3844.03530614271,22050.1198730469
40,38,6,18,18,16250.5781404923,758.797679666849,25619,-4104.79767966685,23867.9798791409
40,38,6,24,12,15499.1042246397,715.182987299144,25438,-3869.18298729914,20043.2084887028
40,38,6,24,18,16219.2747717112,758.083155023441,25660,-4086.08315502344,23874.3939509392
40,38,6,24,24,16353.8440177847,758.357529405466,26219,-3836.35752940547,26052.1987140179
40,38,8,12,12,15186.7855036774,700.085203159571,25256,-3816.08520315957,30247.9609022141
40,38,8,18,12,15286.5292737622,706.397168302112,25229,-3813.39716830211,28739.9065039158
40,38,8,18,18,16056.8825943844,747.1792384474,25554,-4091.1792384474,28261.0693223476
40,38,8,24,12,15237.3915550957,703.811096632275,25307,-3836.81109663228,26993.7632296085
40,38,8,24,18,16043.3942190379,750.056079499518,25474,-4106.05607949952,30347.3514740467
40,38,8,24,24,16129.8411778984,746.708313280896,26185,-3827.7083132809,32726.467509985
40,40,10,12,12,15059.6277232667,695.184327011233,25222,-3797.18432701123,34219.4809937477
40,40,10,18,12,15077.6748472883,693.418451435429,25080,-3859.41845143543,33557.4998681545
40,40,10,18,18,15935.5915585913,743.490189392769,25463,-4107.49018939277,35639.2133896351
40,40,10,24,12,15091.6092736398,693.140965227064,25122,-3881.14096522706,36041.221249342
40,40,10,24,18,15963.5401104964,743.738592301842,25655,-4063.73859230184,37298.5465724468
40,40,10,24,24,16090.0999395094,745.675251773165,26143,-3830.67525177316,39497.62185812
40,40,4,12,12,15977.9013878063,738.266076217057,25258,-3942.26607621706,14120.167526722
40,40,4,18,12,15897.3778015289,736.253147816655,25133,-3887.25314781666,14455.7468554974
40,40,4,18,18,16683.2491451133,778.996087404922,25418,-4119.99608740492,16002.7789289951
40,40,4,24,12,15988.0447587334,738.482044477164,25532,-3864.48204447716,14178.3750431538
40,40,4,24,18,16700.570519917,778.740490559184,25444,-4120.74049055918,15555.7673885822
40,40,4,24,24,16709.9342783726,773.459829066929,26165,-3866.45982906693,17592.8754980564
40,40,6,12,12,15461.1095662628,715.77319809912,25289,-3831.77319809912,22524.4673583508
40,40,6,18,12,15490.9190767286,715.568014575049,25443,-3856.56801457505,22486.3134000301
40,40,6,18,18,16274.20295745,759.006169095357,25680,-4059.00616909536,24688.8308477402
40,40,6,24,12,15570.3992721366,718.277316199494,25234,-3900.27731619949,22490.5792162418
40,40,6,24,18,16221.3443144725,755.139446043033,25537,-4044.13944604303,24211.4569203854
40,40,6,24,24,16298.4521671631,756.459683168311,26134,-3848.45968316831,26662.4470438957
40,40,8,12,12,15263.5279532917,703.470610717801,25363,-3834.4706107178,29941.3752350807
40,40,8,18,12,15327.0411240026,705.235344276075,25214,-3818.23534427608,29411.8998491764
40,40,8,18,18,16092.811792882,750.104004038854,25470,-4118.10400403885,28931.6257240772
40,40,8,24,12,15279.7334785632,705.766391922095,25126,-3808.7663919221,29591.3543941975
40,40,8,24,18,16033.2852823151,748.56106252345,25466,-4070.56106252345,31825.8679614067
40,40,8,24,24,16154.2205825649,749.610916713995,26126,-3831.61091671399,33994.7354056835
