population_size;iteration_number;run_number;control_optimization_horizon;control_implementation_horizon;control_optimization_anticipation;month_subset
10;10;3;24;12;12;0
10;10;3;24;24;12;0
10;10;5;24;12;12;0
10;10;5;24;24;12;0
10;20;3;24;12;12;0
10;20;3;24;24;12;0
10;20;5;24;12;12;0
10;20;5;24;24;12;0
10;30;3;24;12;12;0
10;30;3;24;24;12;0
10;30;5;24;12;12;0
10;30;5;24;24;12;0
10;50;3;24;12;12;0
10;50;3;24;24;12;0
10;50;5;24;12;12;0
10;50;5;24;24;12;0
20;10;3;24;12;12;0
20;10;3;24;24;12;0
20;10;5;24;12;12;0
20;10;5;24;24;12;0
20;20;3;24;12;12;0
20;20;3;24;24;12;0
20;20;5;24;12;12;0
20;20;5;24;24;12;0
20;30;3;24;12;12;0
20;30;3;24;24;12;0
20;30;5;24;12;12;0
20;30;5;24;24;12;0
20;50;3;24;12;12;0
20;50;3;24;24;12;0
20;50;5;24;12;12;0
20;50;5;24;24;12;0
30;10;3;24;12;12;0
30;10;3;24;24;12;0
30;10;5;24;12;12;0
30;10;5;24;24;12;0
30;20;3;24;12;12;0
30;20;3;24;24;12;0
30;20;5;24;12;12;0
30;20;5;24;24;12;0
30;30;3;24;12;12;0
30;30;3;24;24;12;0
30;30;5;24;12;12;0
30;30;5;24;24;12;0
30;50;3;24;12;12;0
30;50;3;24;24;12;0
30;50;5;24;12;12;0
30;50;5;24;24;12;0
40;10;3;24;12;12;0
40;10;3;24;24;12;0
40;10;5;24;12;12;0
40;10;5;24;24;12;0
40;20;3;24;12;12;0
40;20;3;24;24;12;0
40;20;5;24;12;12;0
40;20;5;24;24;12;0
40;30;3;24;12;12;0
40;30;3;24;24;12;0
40;30;5;24;12;12;0
40;30;5;24;24;12;0
40;50;3;24;12;12;0
40;50;3;24;24;12;0
40;50;5;24;12;12;0
40;50;5;24;24;12;0
50;10;3;24;12;12;0
50;10;3;24;24;12;0
50;10;5;24;12;12;0
50;10;5;24;24;12;0
50;20;3;24;12;12;0
50;20;3;24;24;12;0
50;20;5;24;12;12;0
50;20;5;24;24;12;0
50;30;3;24;12;12;0
50;30;3;24;24;12;0
50;30;5;24;12;12;0
50;30;5;24;24;12;0
50;50;3;24;12;12;0
50;50;3;24;24;12;0
50;50;5;24;12;12;0
50;50;5;24;24;12;0
